27036160	[]
17978289	[[4, [[48, "Asian patients"]]]]
16009949	[]
19282169	[]
30475947	[[2, [[49, "no prior systemic anticancer therapy"]]]]
19786668	[]
21444866	[]
15998903	[]
33513030	[]
17960013	[]
15912507	[]
32001798	[]
24608198	[]
12829150	[]
22056739	[]
16868539	[]
20393132	[]
23559153	[]
25795406	[]
31345267	[]
31668850	[]
30522967	[]
30105460	[]
33539945	[]
33577729	[[2, [[166, "previously received platinum-containing chemotherapy"]]]]
18771470	[]
26626800	[[2, [[0, "Japanese patients"]]]]
34228505	[]
28687477	[]
27557302	[]
30860570	[]
22482940	[[2, [[111, "previously untreated"]]]]
34096690	[]
31171419	[[0, [[129, "newly diagnosed"]]], [1, [[161, "newly diagnosed"], [127, "transplant-eligible"]]], [2, [[115, "newly diagnosed"], [81, "transplant-eligible"]]], [4, [[274, "newly diagnosed"], [240, "transplant-eligible"]]]]
31578914	[]
23489023	[]
21828141	[]
21486866	[]
26752933	[]
28444114	[]
30904980	[]
20368558	[[2, [[14, "previously untreated"]]]]
29341834	[]
12853357	[]
33983395	[]
29275118	[]
20971822	[]
30624546	[]
28804124	[]
31154669	[]
29537344	[]
22357140	[]
23613521	[]
24556041	[]
21123825	[]
19853510	[]
16966687	[]
28298231	[]
17705175	[]
22823211	[]
23177514	[]
34048682	[[2, [[162, "\u226518 years old"]]]]
30446802	[]
26254683	[]
31082269	[]
15856037	[]
30287523	[]
27733374	[]
20065174	[]
21383331	[]
22851558	[]
30892988	[[0, [[49, "Previously Untreated"]]], [2, [[30, "previously untreated"], [55, "ineligible for intensive chemotherapy"]]], [4, [[118, "ineligible for intensive chemotherapy"]]]]
28800861	[[2, [[188, "previously untreated"]]]]
22512481	[]
31870883	[]
15128893	[]
31662331	[]
32687588	[]
27022118	[]
28526536	[]
22452896	[]
33710815	[]
31825569	[]
24094768	[]
21324142	[]
23816963	[]
28215665	[]
22446502	[]
30941424	[]
30290903	[]
26169613	[]
24516013	[]
27733243	[]
21639810	[[0, [[32, "previously untreated"]]], [1, [[314, "previously untreated"]]], [2, [[39, "previously untreated"]]], [4, [[164, "previously untreated"]]]]
18945747	[]
32766875	[]
32278621	[]
19770373	[]
34118198	[]
32077891	[]
30501490	[]
15365146	[]
22228634	[]
21664811	[[0, [[70, "Japanese and Korean patients"]]], [1, [[338, "Japanese and Korean patients"]]], [3, [[100, "after TACE"]]], [4, [[226, "after TACE"]]]]
15589587	[]
31557064	[[1, [[241, "Chinese patients"]]]]
24101040	[]
19139433	[]
18484657	[]
18182662	[]
22139825	[[2, [[241, "previously untreated"]]]]
26202596	[]
31280434	[]
23902874	[[0, [[123, "postmenopausal"]]], [1, [[36, "postmenopausal"]]], [2, [[97, "postmenopausal"]]], [4, [[35, "postmenopausal"]]]]
20728210	[]
30573564	[]
32567012	[]
26858355	[]
11328296	[]
29189588	[]
11784875	[]
22578793	[]
29355075	[]
30523750	[[2, [[0, "Postmenopausal"]]]]
27382098	[]
20197551	[]
15621806	[]
24190112	[]
27370396	[]
25650301	[]
30625070	[]
31821109	[]
22270258	[]
20368560	[]
32758030	[]
10416011	[]
29325521	[]
28475456	[]
27686945	[]
21652683	[]
32078391	[]
15483015	[[2, [[132, "no prior chemotherapy or who had no more than four prior standard therapies"]]]]
32730186	[]
28961834	[]
9432047	[]
32285126	[]
32097092	[]
17947725	[]
20818855	[]
21931113	[]
22744771	[]
30413378	[]
12011122	[]
21306238	[]
18824706	[]
30267011	[]
12610178	[]
19074748	[]
31520078	[[1, [[307, "Chinese patients"]]]]
29296798	[]
17912634	[]
25891173	[]
27531525	[]
16293863	[]
20375404	[]
30509771	[[0, [[60, "postmenopausal"]]], [1, [[84, "postmenopausal"]]], [2, [[122, "Postmenopausal"]]]]
19064973	[[2, [[0, "Previously untreated"]]]]
26884577	[]
23270003	[]
31097627	[]
22363143	[]
20004617	[[2, [[106, "previously treated"]]]]
10811502	[]
21690468	[]
32955177	[]
28578601	[]
27217448	[]
22749632	[]
31959346	[]
32208960	[]
24317176	[]
16145047	[]
28095146	[]
20548096	[]
11133748	[]
16314627	[]
24450858	[]
16161069	[]
32464281	[]
28916371	[]
11709565	[]
21221766	[[0, [[69, "premenopausal"]]], [1, [[477, "premenopausal"]]]]
31430226	[[2, [[0, "Chinese patients"]]]]
19652065	[]
16145068	[[1, [[163, "previously untreated"]]]]
23955074	[]
11916549	[]
21482186	[]
9625576	[]
32861273	[]
11408495	[]
24813620	[]
26341920	[]
15972865	[]
20944676	[]
22910841	[]
19318632	[]
31402321	[[0, [[70, "postmenopausal"]]], [2, [[111, "postmenopausal"]]]]
12506170	[]
32955174	[]
31088809	[[0, [[80, "intolerant to ibrutinib"]]], [1, [[1683, "intolerant to ibrutinib"]]]]
31657981	[]
30345884	[]
22056247	[]
31584608	[]
27226434	[]
23385197	[]
33735504	[]
23645694	[]
16583432	[]
19942479	[]
32678716	[]
29555258	[[2, [[268, "withdrawn from first-line chemotherapy"]]]]
15020614	[]
19553647	[]
31340982	[]
30642819	[]
33651091	[]
30998824	[]
32409917	[]
25485782	[]
12010830	[]
17971583	[]
28574779	[[1, [[484, "no prior gastrectomy"]]]]
24369450	[]
19470941	[]
28933016	[]
26811519	[]
29360414	[]
28753077	[]
28637662	[]
22473593	[]
31378459	[]
25025064	[]
17602081	[]
22529265	[]
31410023	[[0, [[105, "post-hepatic carcinectomy"], [59, "Chinese patients"]]], [1, [[794, "high-risk"]]]]
18653326	[]
31079938	[]
22585697	[]
32919526	[]
23704196	[]
30475950	[]
28679776	[]
23569311	[]
31439579	[]
18443961	[]
32552471	[]
22226517	[]
24429336	[]
21873543	[]
32012228	[]
16713457	[]
18420499	[]
23071237	[]
14601087	[]
23219286	[]
25710456	[]
29933095	[]
20466853	[]
26027431	[[2, [[35, "previously untreated"]]], [4, [[6, "previously untreated"]]]]
11313175	[]
26717303	[]
32203698	[]
12228205	[]
26482279	[[2, [[206, "received treatment with a VEGF-targeted therapy"]]]]
30522922	[[2, [[160, "previously untreated"]]]]
18378569	[[0, [[55, "untreated"]]], [2, [[35, "untreated"]]]]
29946728	[]
11331325	[]
21321292	[]
27479888	[]
27171514	[]
26874885	[[2, [[111, "aged 18 years or older"], [228, "at least two previous systemic regimens"]]]]
15284256	[]
31667688	[]
24222211	[]
31039052	[]
16766582	[]
32461234	[]
10975390	[]
23063354	[]
30262659	[]
19114683	[[4, [[169, "previously untreated"]]]]
28520527	[]
23504948	[[0, [[83, "previously untreated"]]], [2, [[41, "previously untreated"]]]]
29396091	[[2, [[161, "previously been treated with at least one rituximab-containing regimen"]]]]
22133772	[]
33246021	[]
11251014	[]
23875076	[]
25265494	[[2, [[39, "previously untreated"]]]]
31229240	[]
27621400	[]
25866797	[]
31628428	[]
17033039	[]
26371143	[]
19289615	[]
9305593	[]
12209751	[]
21447727	[]
30280657	[]
29276022	[[2, [[349, "at least one previous multiagent chemotherapy"]]]]
18421053	[]
21115872	[]
17538086	[]
29293889	[]
23182993	[]
33581821	[]
29718092	[]
32771088	[]
29264210	[]
27247226	[]
16950362	[]
29584545	[]
27717298	[]
30470690	[[3, [[58, "received 1L platinum + fluoropyrimidine"]]]]
21502544	[]
32653053	[]
31733155	[]
27751847	[[2, [[69, "at least 18 years"]]]]
17087744	[]
29260225	[]
22228633	[[2, [[22, "progression after one or two prior chemotherapy"]]]]
30476968	[[2, [[177, "resistant to first-line irinotecan- and cetuximab-based therapy"]]]]
22585691	[]
32986498	[]
26028407	[]
21865399	[]
11181673	[]
15625365	[]
16317751	[]
26200454	[]
17658395	[]
34656227	[]
30396819	[]
28453705	[]
30922733	[]
28463149	[]
27637985	[]
30944458	[]
26947331	[]
18665164	[]
15503297	[]
14551133	[]
29218851	[]
27776843	[]
26530749	[]
20628385	[[4, [[149, "Japanese patients"]]]]
17968021	[[2, [[0, "Previously untreated"]]]]
26492934	[]
25795410	[]
17538161	[]
26095784	[]
28651804	[]
24982384	[]
16246977	[]
29852043	[]
8819079	[]
20564642	[]
32749938	[]
27861157	[[0, [[88, "previously untreated"]]], [1, [[451, "previously untreated"]]]]
31122901	[]
32171426	[]
29669701	[]
28837405	[]
21383283	[]
21783417	[]
18541894	[]
18942073	[]
12181401	[]
25547503	[]
25439689	[]
15254045	[[2, [[0, "Operable"]]]]
19863327	[]
34626550	[]
25645263	[]
29804905	[]
20837948	[]
23065000	[[1, [[191, "postmenopausal"]]]]
21060024	[]
19776406	[[2, [[103, "untreated"]]]]
24516026	[]
27567279	[]
26518748	[]
26598747	[]
12177106	[]
21339382	[]
29606586	[]
26670971	[]
21480200	[]
14998846	[]
20525995	[]
15837982	[]
11354055	[]
28424162	[]
29863955	[]
33971141	[[2, [[195, "refractory or intolerant to at least one line of systemic chemotherapy or targeted therapy"]]]]
32497736	[]
23433739	[]
31669155	[]
30778520	[]
30518502	[]
30280658	[]
27114587	[]
27069074	[]
26384238	[]
29263440	[]
26403537	[]
32060053	[]
25088940	[]
31157963	[]
11745872	[]
16421910	[]
22873532	[]
33555926	[]
25761109	[]
17494925	[]
26323606	[]
22887466	[]
33361337	[[2, [[69, "previously untreated"]]]]
32818466	[]
28273028	[]
18048643	[]
33603241	[[0, [[54, "operable"]]], [1, [[179, "operable"]]]]
26275080	[]
31838015	[]
28552327	[]
30592991	[]
29433850	[]
28295221	[]
28922787	[[1, [[130, "postmenopausal women"]]]]
25554239	[]
21472717	[[2, [[104, "chemotherapy naive"]]], [4, [[155, "chemotherapy naive"]]]]
32532787	[]
34092112	[]
24256848	[]
32469185	[]
32729929	[]
30828799	[]
30811293	[]
19890271	[]
23633004	[]
22157807	[]
29405274	[]
17614302	[]
10475617	[]
31999946	[]
15691646	[]
21606412	[]
30598498	[]
22303898	[]
26051236	[]
30922878	[[1, [[251, "chemotherapy-naive"]]], [2, [[170, "chemotherapy-naive"]]]]
24033272	[]
19289630	[]
30987939	[]
31047804	[]
23782814	[]
23615461	[[2, [[15, "\u226518 years"]]]]
16681638	[]
25201358	[]
33083913	[]
28919011	[]
25605862	[]
18711187	[]
25092775	[]
27442600	[]
24637997	[]
32067683	[]
17606976	[]
26335608	[]
30219628	[]
11230464	[]
23672310	[]
25937522	[]
27859010	[]
20385792	[[0, [[81, "newly diagnosed"]]], [1, [[1392, "newly diagnosed"]]]]
22802322	[[0, [[64, "newly diagnosed"]]], [1, [[89, "newly diagnosed"]]], [2, [[35, "newly diagnosed"]]]]
11398892	[]
18358928	[]
31420359	[]
32167863	[]
11426550	[]
30403938	[[4, [[60, "lenalidomide and a proteasome inhibitor had failed"]]]]
32416072	[]
12925071	[]
32302702	[]
29175149	[]
17344466	[]
25970050	[]
34503977	[]
23273538	[]
29710216	[[0, [[117, "Resistant to Imatinib"]]]]
26156651	[]
23177515	[]
22285168	[]
29420164	[[1, [[235, "at high risk"]]]]
28581356	[]
28564564	[]
30988825	[[1, [[272, "previously untreated"]]]]
19139430	[]
21115863	[]
17264330	[]
30880072	[]
23109692	[[3, [[340, "previous lines of chemotherapy"]]]]
32101663	[]
25456369	[[1, [[97, "newly diagnosed"]]], [2, [[21, "newly diagnosed"]]], [4, [[132, "newly diagnosed"]]]]
32888407	[]
32112738	[]
25680596	[]
32777149	[]
31851799	[]
19826418	[]
20511181	[]
27626518	[]
19036114	[]
25407157	[]
31563517	[]
15385103	[[2, [[45, "recurred after or failed to respond to first-line platinum-based chemotherapy"]]]]
32053137	[]
20824724	[]
26272770	[]
20660290	[]
21233014	[]
26361971	[]
32437664	[]
15459211	[]
8874180	[]
25625938	[[0, [[141, "Chinese patients"]]], [4, [[80, "Chinese patients"]]]]
32178964	[]
27060152	[]
22153890	[]
26884585	[]
34341578	[]
29158011	[[0, [[72, "postmenopausal women"]]], [1, [[300, "postmenopausal women"]]], [2, [[179, "postmenopausal women"]]], [4, [[3, "postmenopausal women"]]]]
18653228	[]
16782917	[]
19467857	[]
33989780	[]
18640929	[]
22877848	[]
19738606	[]
30981094	[]
24007746	[]
30567753	[]
31725351	[]
26766972	[]
15812080	[]
31257177	[]
25757867	[]
26386123	[]
20525992	[]
31825192	[]
31176752	[]
17317837	[]
32468955	[]
17062730	[]
16832677	[]
25399552	[[0, [[13, "previously untreated"]]], [1, [[193, "previously untreated"]]], [2, [[25, "previously untreated"]]], [4, [[142, "previously untreated"]]]]
31932802	[]
12721250	[[1, [[139, "previously untreated"]]], [2, [[11, "previously untreated"]]]]
25107914	[]
15908667	[]
15710946	[]
25667280	[]
21285134	[]
22855581	[]
32758455	[[2, [[202, "18-75 years"]]]]
20606083	[]
20498395	[[2, [[92, "first- or second-line platinum and taxane-based therapies"]]]]
17606974	[]
20026804	[]
34519801	[]
19652971	[]
19369231	[]
24030098	[]
30501481	[[0, [[68, "Untreated"]]], [1, [[99, "untreated"]]], [2, [[42, "untreated"]]], [4, [[26, "untreated"]]]]
30857956	[]
28891408	[[3, [[29, "years"]]]]
23500091	[]
29054815	[]
23168367	[]
23980084	[]
20888994	[]
28974506	[]
15809453	[]
32305093	[[2, [[210, "untreated"]]]]
20479425	[[2, [[25, "untreated"]]]]
29863979	[]
22271480	[]
27179402	[[2, [[92, "treatment-naive"], [1022, "operable"]]]]
33780662	[]
32682484	[]
25922062	[]
20572029	[]
19204206	[]
33001143	[]
31618127	[]
26105599	[[1, [[303, "Chinese population"]]]]
24972772	[]
23312829	[]
26615328	[[2, [[151, "previously treated with gemcitabine-based therapy"]]]]
21630308	[[1, [[391, "previously untreated"]]]]
32171288	[]
26279284	[]
18310545	[]
22481063	[]
18802150	[]
25878120	[]
31959349	[]
19597025	[]
32589977	[]
33676601	[[2, [[352, "received one or two previous systemic treatments"]]]]
25368968	[]
24552320	[]
23753028	[]
22422823	[[0, [[135, "previously untreated"]]], [1, [[201, "previously untreated"]]]]
19307511	[]
28988646	[]
25008258	[]
30760451	[]
15319239	[[0, [[36, "previously untreated"]]], [1, [[247, "previously untreated"]]]]
33002436	[[2, [[367, "previously treated with trastuzumab and a taxane"]]]]
22356324	[[2, [[72, "previously treated"]]], [4, [[74, "previously treated"]]]]
26384354	[]
30768675	[]
29664714	[]
20724445	[]
31792036	[]
10093695	[]
29949494	[]
23816960	[]
34555333	[]
29272069	[]
28636851	[]
27836716	[]
34618601	[]
26193343	[]
33119476	[]
19060245	[]
32955176	[]
26626617	[]
31461380	[]
31138588	[]
28646771	[]
24718885	[]
31665578	[]
28801186	[]
15175435	[]
22474202	[]
30658935	[]
29386072	[]
30561756	[]
11134215	[[0, [[38, "previously untreated"]]]]
31393548	[]
30280635	[]
27265347	[[4, [[92, "Japanese patients"]]]]
21636861	[]
30054709	[]
26625741	[]
22782416	[]
25049329	[]
33333328	[]
32827483	[]
28822576	[]
15007087	[[2, [[19, "younger than 21 years"]]]]
33121997	[]
32393328	[[2, [[143, "Chinese patients"]]]]
28162984	[]
32887873	[]
34529930	[]
32072150	[[1, [[164, "previously untreated"]]]]
23841729	[]
29397659	[]
27093365	[]
21862407	[]
29235569	[]
25399551	[[1, [[101, "previously untreated"]]], [4, [[113, "previously untreated"]]]]
27284445	[]
31236579	[[0, [[91, "chemo-refractory"]]], [2, [[244, "chemo-refractory"]]]]
21546499	[]
28651338	[]
27718847	[]
20697094	[]
21768327	[]
32145474	[[1, [[137, "Japanese"]]]]
31575503	[[2, [[196, "no more than two previous lines of chemotherapy"]]]]
22576338	[[2, [[54, "received a first-line chemotherapy"]]]]
25100872	[]
26124497	[]
31914241	[]
33054114	[]
28369839	[]
17440727	[]
33338442	[]
17537235	[]
23281268	[]
29246803	[]
31562758	[]
25037139	[[2, [[162, "never received a BRAF inhibitor"]]], [3, [[141, "never received a BRAF inhibitor"]]], [4, [[313, "never received a BRAF inhibitor"]]]]
25982297	[]
29018077	[]
25605843	[]
29614488	[]
18506025	[]
28677826	[]
30343620	[]
29880603	[]
28522441	[]
33882206	[]
16275937	[]
32242358	[]
30522969	[[2, [[218, "untreated"]]], [4, [[109, "untreated"]]]]
33524601	[]
22665938	[[1, [[38, "newly diagnosed"]]]]
30106636	[]
30190369	[]
11432891	[]
31126528	[]
30452336	[]
23630211	[]
18398150	[]
29862411	[]
15481055	[]
22711763	[]
29061568	[]
28526538	[]
28817373	[[1, [[765, "progression on prior VEGFR-targeted therapy"]]]]
14614002	[]
29384722	[]
32321714	[]
18765555	[]
29625879	[]
19344412	[]
30347019	[]
31804876	[]
27467964	[]
18852492	[]
26472752	[[0, [[69, "previously untreated"]]]]
31629915	[]
28787430	[]
20837952	[]
18296423	[]
30345906	[]
17429836	[]
24131140	[]
33646820	[]
19273704	[]
16467544	[]
30928806	[]
28729151	[]
23950178	[[0, [[104, "bortezomib-refractory"]]], [1, [[291, "bortezomib-refractory"]]]]
33492986	[]
20578815	[]
32561638	[[2, [[471, "previously treated"]]]]
23721245	[]
17192538	[[2, [[80, "progressed after treatment with regimens that included an anthracycline, a taxane, and trastuzumab"]]], [4, [[122, "progressed after treatment with regimens that included an anthracycline, a taxane, and trastuzumab"]]]]
23065042	[]
31682550	[]
30612710	[[1, [[227, "Chinese patients"]]]]
15187030	[]
19269519	[]
17385194	[]
24002500	[[0, [[105, "refractory to bortezomib"]]], [1, [[657, "refractory to bortezomib"]]], [4, [[187, "refractory to bortezomib"]]]]
32977220	[]
20410174	[[1, [[493, "mitotane plus one or two systemic chemotherapy lines"]]]]
32673170	[]
23545991	[]
32097933	[]
25604851	[]
20921465	[[0, [[173, "previously untreated"]]]]
31442103	[]
19233901	[]
18805651	[]
25456370	[]
25223462	[]
28945884	[[0, [[51, "previously untreated"]]], [1, [[118, "previously untreated"]]], [4, [[215, "previously untreated"]]]]
12775736	[]
28757375	[]
25301539	[]
29658856	[]
31003911	[]
26811524	[]
20008622	[]
20225334	[]
23335221	[]
33739848	[]
20048183	[]
24585722	[]
27094013	[]
25524798	[[2, [[46, "postmenopausal"]]]]
19235592	[]
27133821	[]
22412140	[]
10831357	[]
33967195	[]
17167137	[]
22677155	[[2, [[58, "one to four previous lines"]]]]
24933332	[]
16123223	[[1, [[1260, "previously untreated"]]]]
26685769	[[2, [[14, "previously untreated"]]]]
26406150	[]
28428192	[]
22551107	[]
18711184	[]
33848462	[]
31141632	[]
34655533	[[0, [[92, "newly diagnosed"]]], [1, [[291, "newly diagnosed"]]], [2, [[254, "newly diagnosed"]]], [4, [[163, "newly diagnosed"]]]]
15217926	[]
29488122	[]
27083334	[[2, [[148, "Treatment-naive"]]], [4, [[44, "treatment-naive"]]]]
24881463	[[0, [[48, "premenopausal"]]], [2, [[44, "premenopausal"]]], [4, [[3, "premenopausal"]]]]
29631810	[]
32769013	[[0, [[132, "Chinese Patients"]]]]
20634482	[]
25952317	[]
29193006	[]
31178152	[[2, [[228, "clear indication for chemotherapy"]]]]
27378674	[]
30028037	[[0, [[61, "Untreated"]]], [1, [[245, "untreated"]]]]
17606975	[]
27119237	[]
32416780	[]
33054121	[]
31420358	[[1, [[252, "Chinese patients"]]], [4, [[92, "Chinese patients"]]]]
33256310	[]
10856105	[]
18820836	[]
27718781	[]
34339623	[]
22189752	[[0, [[59, "Chinese patients"]]]]
25957391	[]
30280641	[]
33296242	[]
24002501	[]
32219630	[]
16342250	[]
30115736	[[1, [[136, "Japanese patients"]]]]
25901426	[]
15701857	[]
20439641	[]
23041588	[]
26973324	[]
19118062	[]
30862646	[]
23782157	[]
27908454	[[1, [[267, "postmenopausal"]]]]
26181891	[]
20371675	[]
28365129	[]
34339292	[]
18771914	[]
29031778	[[2, [[137, "postmenopausal women"]]], [4, [[123, "postmenopausal women"]]]]
19605849	[]
24687833	[]
21175313	[]
29625841	[[2, [[126, "18-75 years"], [147, "previously untreated"]]]]
33166718	[]
21833591	[]
27382096	[]
22271479	[]
19225538	[[0, [[61, "newly diagnosed"]]], [1, [[140, "newly diagnosed"]]]]
29092062	[[5, [[47, "treated with GEM-based chemotherapy"]]]]
31841354	[]
19687335	[]
31677820	[]
24439929	[[0, [[71, "Asian"]]], [1, [[357, "Asian"]]], [4, [[119, "Asian"]]]]
26908161	[]
20851682	[]
29045520	[]
10893292	[]
30819679	[]
24140268	[]
24297940	[]
30943124	[]
22503032	[]
31735560	[[2, [[245, "received at least two previous lines of treatment"]]]]
21131038	[]
24101038	[]
33264544	[]
19110398	[]
34407542	[]
12860952	[]
16179874	[]
11157476	[]
27292104	[]
11597377	[]
11398881	[]
23168366	[]
30076173	[[1, [[1764, "previously untreated"]]]]
26671818	[[2, [[122, "one to three previous treatments"]]]]
34726958	[]
22076466	[[0, [[87, "imatinib resistance or intolerance"]]]]
23514360	[]
30703739	[[0, [[146, "previously treated with anthracyclines and taxanes"]]]]
11784874	[]
28976790	[[1, [[421, "after two or more lines of therapy"]]]]
19125117	[]
28485010	[[1, [[353, "\u226518\u00a0years"]]]]
33047430	[[0, [[16, "Asian patients"]]]]
22370325	[[0, [[183, "postmenopausal"]]], [2, [[0, "Postmenopausal"], [25, "premenopausal"]]]]
31978329	[[2, [[228, "received at least 24-month dasatinib treatment"]]]]
19451431	[]
19786667	[]
28662235	[]
17488707	[]
29074099	[]
32730586	[]
28559537	[]
25242045	[]
30345905	[]
28129987	[]
24752056	[]
29385370	[]
27072578	[]
15965732	[]
29072975	[]
34185551	[]
23696416	[]
17069876	[[2, [[196, "18-75 years"]]]]
29986852	[]
29860937	[]
12885807	[]
18669453	[]
24827128	[]
31339827	[]
26209502	[]
17267204	[]
25366685	[]
16022917	[]
17762444	[]
32945632	[]
31618704	[]
33465704	[]
29149761	[]
31355973	[]
25002723	[]
16636341	[]
19779040	[]
25446376	[]
28032670	[]
29226797	[]
19805687	[]
33207094	[]
23403817	[]
12973843	[]
22622149	[]
31582355	[[2, [[548, "refractory or intolerant to one previous fluoropyrimidine-based and platinum-based chemotherapy"]]]]
29231133	[[1, [[99, "newly diagnosed"], [140, "ineligible for autologous stem-cell transplantation"]]], [2, [[62, "newly diagnosed"]]], [4, [[20, "newly diagnosed"]]]]
17315155	[]
31142501	[]
24120480	[]
28498781	[]
15541581	[]
27486175	[]
16330205	[]
25795402	[]
11408507	[]
12676255	[]
25240821	[[2, [[339, "platinum"]]]]
32791048	[]
15591112	[]
22025146	[]
30860945	[]
28449182	[]
25833957	[[1, [[514, "untreated"]]]]
7918126	[]
17213285	[]
21565490	[]
31109808	[[0, [[69, "Japanese patients"]]], [1, [[150, "Japanese patients"]]]]
32817130	[]
28817753	[]
26967821	[]
12697880	[]
21903745	[]
21502556	[[0, [[77, "previously untreated"]]]]
31953079	[]
31634648	[]
22093944	[]
22748450	[]
24844950	[]
33098997	[[2, [[88, "Italian centres"]]]]
25693011	[[1, [[339, "16 to 26 years"]]]]
15470213	[]
29611518	[]
22203182	[]
20451404	[]
20606084	[]
22646630	[]
30407895	[]
33764240	[]
26790144	[]
30988080	[]
15928658	[]
16087950	[[0, [[27, "premenopausal"]]], [1, [[104, "premenopausal"]]], [2, [[0, "Premenopausal"]]], [4, [[52, "premenopausal"]]]]
21670471	[[0, [[37, "elderly patients"]]], [1, [[49, "elderly patients"]]]]
19770379	[]
30347025	[[3, [[120, "0 to 2 lines of prior chemotherapy"]]]]
30726175	[]
29419437	[]
33676017	[]
22104564	[]
32979512	[[2, [[91, "one or two chemotherapy"]]]]
25564897	[]
30543347	[]
34081848	[[2, [[320, "adjuvant chemotherapy"]]], [4, [[208, "adjuvant chemotherapy"]]]]
27646946	[]
29244528	[[0, [[171, "Postmenopausal"]]], [1, [[402, "postmenopausal"]]]]
14722034	[]
19904267	[]
21990397	[]
19451440	[]
31615937	[[2, [[0, "Postmenopausal"]]]]
21576633	[]
24332238	[[2, [[96, "UK centres"]]]]
15987918	[]
31694832	[]
17051246	[]
27334221	[]
28282612	[]
29501363	[[2, [[125, "aged 18 years and older"], [154, "previously untreated"]]]]
32451495	[]
24736081	[]
19690954	[[1, [[342, "left ventricular ejection fraction >50%"]]]]
30277089	[[0, [[53, "previously untreated"]]]]
24024839	[]
30763142	[]
32464280	[]
27451390	[]
32694153	[]
24928083	[]
29063313	[[2, [[73, "refractory to or progressing after standard-of-care therapy"]]]]
11773171	[]
25555420	[]
17327603	[]
30955977	[]
24491302	[]
23670576	[]
17008697	[]
25034862	[[0, [[65, "ipilimumab-refractory"]]], [1, [[281, "ipilimumab-refractory"]]], [2, [[97, "\u226518 years"]]]]
33069888	[]
22791289	[]
30708264	[]
15638854	[]
16955505	[]
28099210	[]
24263064	[]
19720909	[]
23740227	[]
30024784	[]
19144677	[]
25267740	[]
22627104	[]
32615108	[]
25840693	[[2, [[297, "not received previous systemic therapy"]]]]
31047803	[]
28426350	[]
19451429	[]
27903247	[]
22954508	[]
28337660	[]
19805688	[]
19740535	[]
25596264	[[1, [[119, "pre-treated"]]]]
28456896	[]
30219915	[]
30204239	[]
22493419	[]
11846301	[]
28644114	[]
19652056	[[1, [[332, "imatinib-resistant or imatinib-intolerant"]]]]
23833309	[]
22571202	[[0, [[25, "after stem-cell transplantation"]]]]
32916308	[]
32035785	[]
18541900	[]
31147675	[]
12124838	[]
23319574	[]
11786562	[]
12377971	[[2, [[70, "previously untreated"]]]]
27979923	[]
23512246	[]
26240235	[]
26065651	[]
29211833	[]
18650514	[]
29353164	[]
26720423	[]
20622000	[]
26304886	[]
33000490	[]
23835714	[]
25538173	[]
28536826	[[0, [[74, "Japanese patients"]]], [2, [[138, "20-80\u00a0years"]]]]
32846061	[]
28003274	[]
17401004	[]
23287364	[]
12181253	[]
25713437	[]
29880231	[]
30795951	[]
15044693	[]
23091101	[]
28296618	[]
23122784	[]
33539946	[]
22180344	[]
14530488	[]
31566309	[]
7912736	[]
21810686	[]
26631116	[[0, [[50, "previously treated"]]]]
34648948	[]
25600568	[]
8113846	[]
30630862	[]
29296757	[]
31980466	[]
23109707	[]
29743043	[[0, [[69, "Chinese patients"]]], [4, [[79, "Chinese patients"]]]]
22918300	[]
25184862	[]
31562799	[]
14976046	[]
28493308	[]
30179569	[]
16505426	[]
32781263	[]
19704066	[[1, [[239, "postmenopausal"]]]]
25655102	[]
29878040	[[2, [[49, "no prior chemotherapy for metastatic BC"]]]]
24346857	[]
21788564	[]
26500139	[]
32036071	[]
27332902	[]
29483101	[]
18421049	[]
30508306	[]
30689703	[]
31622131	[]
17341661	[]
25439693	[]
25086465	[]
30975627	[]
26014294	[]
28742454	[]
30733270	[[0, [[61, "newly diagnosed"]]], [1, [[389, "newly diagnosed"], [623, "transplant-ineligible"]]]]
23248254	[]
24081937	[]
28902533	[]
18316794	[[0, [[146, "postmenopausal"]]], [1, [[131, "postmenopausal"]]], [2, [[179, "postmenopausal"]]], [4, [[98, "postmenopausal"]]]]
19297556	[]
32889867	[]
14871959	[]
32164906	[]
20881508	[]
31838007	[]
24180494	[]
17119111	[[0, [[40, "after hematopoietic cell transplantation"]]]]
25891304	[]
29804902	[]
19471019	[]
21454191	[]
22310723	[[2, [[48, "previously untreated"]]]]
19797728	[]
18032763	[]
23460714	[]
23775962	[]
19767198	[]
29543932	[]
33844595	[[4, [[52, "heavily pretreated"]]]]
27803005	[]
31504118	[]
26056183	[[2, [[43, "chemotherapy-naive"]]], [4, [[17, "chemotherapy-naive"]]]]
30578023	[]
33722897	[]
26278578	[]
26347113	[[2, [[88, "underwent ASCT"]]]]
16314626	[]
10199460	[]
19204798	[]
16325893	[]
22265697	[]
26778538	[[2, [[97, "\u226518 years"], [163, "at least three lines of therapy"]]]]
30563931	[]
22529255	[]
26639149	[[1, [[302, "previously untreated"]]], [2, [[25, "previously untreated"]]], [4, [[42, "previously untreated"]]]]
12115359	[[4, [[93, "heavily treated"]]]]
29229594	[]
20388849	[]
17258800	[]
32416073	[]
33285097	[]
12879472	[]
22042945	[]
28616874	[]
24277073	[]
9704735	[[1, [[122, "not"]]]]
26789262	[]
32105622	[[2, [[232, "1 month or older"]]]]
28548643	[]
28038865	[]
31765987	[]
29558281	[[1, [[637, "complete surgical resection"]]]]
17470860	[]
18226581	[]
28499583	[[2, [[194, "18 years or older"]]]]
28885881	[]
28981385	[]
22689807	[]
22735384	[[2, [[191, "previously untreated"]]]]
24658916	[]
34111416	[[2, [[134, "18-65 years"]]]]
30939095	[]
33845034	[]
30528802	[]
17351256	[]
16470745	[[2, [[0, "Chemo-naive"]]]]
31339826	[]
26527782	[]
18065406	[]
15197804	[]
27927586	[[2, [[49, "previously untreated"]]]]
19282833	[]
31971541	[]
23913718	[]
19289619	[]
21239695	[]
31036542	[[2, [[76, "\u226518 years"]]]]
12777987	[]
15728784	[]
28040660	[]
19924794	[]
15860857	[]
21844497	[]
29095677	[]
32444867	[]
12161358	[]
23616624	[[1, [[247, "newly diagnosed"], [345, "after ASCT"]]]]
29091516	[]
23975665	[]
16838024	[]
30998813	[]
33588150	[]
11001674	[]
32379280	[]
16000128	[]
12594313	[]
25366680	[]
17229633	[]
14511925	[]
23020162	[]
25534388	[]
22454421	[[2, [[177, "after autologous stem-cell transplantation"]]]]
16098458	[]
33428583	[]
11956258	[]
21383294	[]
33476593	[]
26410620	[]
15033673	[]
30457920	[]
26030518	[]
23400961	[]
27022122	[]
25527270	[]
30576970	[]
21353695	[]
23630200	[]
20124186	[]
32966830	[]
33630475	[]
21146205	[[2, [[33, "previously untreated"]]]]
32706635	[]
24449400	[]
21376385	[]
32469182	[]
18005385	[]
32459600	[]
28774880	[]
18235122	[]
23161898	[]
31331917	[]
30242306	[]
34737452	[]
27004570	[]
31945149	[]
11332146	[]
30355453	[[0, [[63, "pretreated"]]], [1, [[84, "pretreated"]]], [4, [[124, "pretreated"]]]]
20048174	[]
33721560	[]
26913697	[]
20223786	[]
20847059	[]
31707181	[]
19770374	[]
20709662	[]
12855624	[]
31151904	[[2, [[163, "3-21 years"], [321, "after at least one standard therapy"]]]]
22914978	[]
32877583	[]
21245435	[]
26899778	[]
18349393	[]
30739837	[]
28968163	[]
18502832	[]
26271397	[[2, [[29, "curatively resected"]]]]
28533223	[]
19704057	[]
28792952	[]
21670453	[]
32599071	[]
15477552	[]
22986144	[]
25355245	[]
12637609	[]
31566666	[]
28940498	[]
33651090	[]
10601378	[]
22508825	[]
18297520	[]
12130484	[]
23154552	[]
25766724	[[0, [[42, "Chinese patients"]]], [1, [[1200, "Chinese patients"]]]]
29596029	[[1, [[709, "three or fewer lines of prior systemic therapies"]]]]
30575490	[]
25521006	[]
27507876	[]
24508103	[]
33462450	[[1, [[320, "not progress after six to eight cycles of chemotherapy"]]]]
23782158	[]
33867192	[[3, [[126, "no prior anticancer therapy"]]]]
34166627	[[2, [[267, "disease progression or toxicity intolerance towards one or more standard treatments"], [366, "clinically unsuitable for standard treatment"]]]]
30613964	[]
21172891	[[1, [[476, "untreated"]]]]
26952546	[]
23158522	[]
26809111	[]
34087115	[[2, [[602, "adequate organ function"]]]]
24881730	[]
10944126	[]
32786187	[[0, [[30, "Previously Untreated"]]], [2, [[21, "previously untreated"]]], [4, [[3, "previously untreated"], [42, "ineligible for intensive chemotherapy"]]]]
16648512	[]
24327334	[[1, [[370, "postmenopausal"]]]]
21991949	[]
26244877	[]
17071492	[]
29941458	[]
20566427	[[1, [[423, "post-menopausal"]]]]
31486832	[[3, [[391, "no prior systemic therapy"]]]]
30545780	[]
20644121	[]
24591201	[]
33035457	[]
28859185	[]
12149300	[]
17975017	[]
24411639	[]
21328328	[]
22331945	[]
21236730	[]
25702876	[]
23664707	[]
31150574	[]
25847936	[]
25553650	[]
30892987	[]
30530801	[]
26655558	[]
23980077	[]
31250880	[]
31812554	[]
30361262	[[0, [[54, "treatment-naive"]]], [1, [[400, "treatment-naive"]]]]
21571767	[]
25935542	[]
11822760	[]
23725851	[]
33626253	[[2, [[157, "at least three previous regimens"]]]]
31751012	[]
31487218	[]
33052556	[[1, [[402, "Chinese"]]]]
30589600	[[0, [[44, "Premenopausal"]]], [1, [[183, "premenopausal"]]], [2, [[0, "Premenopausal"]]], [4, [[3, "premenopausal"]]]]
16740598	[]
12867608	[]
22312103	[]
22180164	[]
32866432	[[0, [[95, "newly diagnosed"]]], [1, [[76, "newly diagnosed"]]], [2, [[150, "newly diagnosed"]]], [4, [[105, "newly diagnosed"]]]]
30779529	[]
32880601	[[1, [[33, "untreated"]]], [2, [[125, "untreated"]]], [3, [[114, "untreated"]]], [7, [[70, "untreated"]]]]
24552318	[]
22184384	[]
23940216	[[2, [[51, "previously received radiation and temozolomide"]]]]
15160953	[]
16394035	[[2, [[29, "16-23 years"]]]]
30910346	[]
30518523	[]
29884593	[]
18316473	[]
31796519	[]
28188133	[]
22689805	[]
16234522	[]
27267608	[]
26187751	[]
28961833	[]
33189178	[]
17442997	[]
19238628	[]
17075117	[[1, [[62, "untreated"]]], [4, [[260, "untreated"]]]]
25671254	[]
23468307	[]
21606430	[[0, [[107, "previously treated"]]], [2, [[14, "previously treated"]]]]
31825704	[[0, [[25, "Standard-Risk"]]], [1, [[225, "standard-risk"]]]]
19255327	[]
29141164	[]
22805292	[]
22608262	[]
28754721	[]
31377477	[]
19117345	[]
18936479	[]
28209298	[]
27269937	[]
32946924	[]
12110494	[]
16572419	[]
24383843	[]
30471652	[]
32376724	[]
24297946	[]
25161267	[[1, [[313, "previously untreated"]]]]
17408469	[]
33856405	[]
25877855	[]
19245430	[]
31768696	[]
24794243	[]
29972759	[]
20151174	[]
30193295	[]
26673811	[]
25573987	[]
33453089	[]
31693429	[]
30635336	[]
27285853	[]
29451696	[]
19875337	[]
32937045	[]
29477665	[]
16381626	[]
12200353	[]
29069279	[]
19332726	[]
21343546	[]
30769227	[]
10942062	[]
33845211	[]
28613956	[]
24638003	[]
12181251	[]
18691254	[]
17454592	[]
26037941	[]
10618614	[[2, [[298, "Prior therapy with taxanes or platinum was not allowed"]]]]
31647503	[]
28328302	[]
22087680	[]
14766260	[]
32325419	[]
28671856	[[1, [[382, "ipilimumab-refractory"]]]]
22665218	[]
32459597	[]
9647875	[]
25264305	[]
21792866	[[1, [[154, "previously received radiation therapy and temozolomide"]]]]
29431618	[]
30178032	[]
11208818	[]
29151359	[]
31919404	[]
29567798	[]
14998858	[]
27686946	[]
28976863	[[1, [[263, "previously untreated"]]]]
31365801	[[1, [[180, "previously untreated"]]], [2, [[99, "previously untreated"]]], [4, [[209, "previously untreated"]]]]
34097852	[]
18945964	[]
24050953	[]
20357440	[]
24297945	[]
17917090	[]
30796821	[[2, [[169, "no prior systemic therapy"]]]]
17001068	[]
16909414	[]
32890813	[]
19451425	[]
16172456	[]
17709797	[]
17947720	[]
30981696	[[0, [[41, "Asian"]]], [1, [[172, "Asian"]]], [2, [[132, "aged 18 years or older"], [116, "Asian"]]]]
30967392	[]
26699397	[]
27269741	[]
11161370	[[0, [[0, "Intrathecal treatment"]]], [1, [[198, "intrathecal treatment"]]]]
19884539	[]
30110579	[]
20572040	[]
18953611	[]
32795349	[[2, [[66, "without previous systemic treatment"]]]]
17634494	[]
25383558	[]
29438463	[]
28490569	[]
16105981	[]
28327988	[]
16505319	[]
18493158	[]
16622268	[]
31825714	[]
17538164	[]
25957330	[]
18819710	[]
18162120	[]
23964934	[]
23228172	[]
29220295	[]
18809609	[]
30058839	[[0, [[40, "Asian patients"]]], [1, [[42, "Asian patients"]]], [4, [[30, "Asian patients"]]]]
33087333	[]
29602646	[]
18182984	[]
25498219	[]
20716628	[]
18754025	[[1, [[305, "refractory to"]]]]
29023213	[]
16411206	[]
19781103	[]
27717299	[]
31113777	[]
18519952	[]
28961309	[[1, [[124, "untreated"]]]]
27402145	[]
15128894	[]
27825616	[]
31166680	[[2, [[68, "previously untreated"]]]]
23208130	[]
28291393	[]
30995176	[]
27939400	[]
22949150	[]
18756532	[]
25923549	[]
23835708	[]
34656225	[]
21742485	[]
15867204	[[2, [[49, "previously untreated"]]]]
14997190	[]
12586591	[[2, [[198, "not received more than one chemotherapy"]]]]
17984186	[]
23192279	[[0, [[187, "refractory to or progressive after first-line chemotherapy"]]]]
20498393	[]
21967976	[]
30827746	[]
30630772	[[2, [[176, "18-70 years"], [140, "Non-immunocompromised"]]]]
33278935	[]
21555689	[]
31498753	[]
29895706	[]
17021321	[]
19805674	[]
21205754	[]
30477937	[]
19637327	[]
34143971	[[2, [[241, "no previous systemic treatment"]]]]
16154860	[]
21525406	[]
14575968	[]
28967485	[]
28167659	[]
25983095	[]
22277837	[]
15520069	[]
23810573	[]
32946353	[]
28653251	[[2, [[88, "received CT from 2008 to 2016"]]]]
27569442	[]
17434236	[]
30348638	[]
32589866	[]
15911866	[]
15955899	[]
31471168	[]
31351869	[[0, [[29, "platinum-resistant"], [55, "cetuximab-resistant"]]], [2, [[105, "platinum-resistant"], [138, "cetuximab-resistant"]]], [4, [[17, "platinum-resistant"], [39, "cetuximab-resistant"]]]]
33513313	[]
19901110	[]
31563959	[[7, [[200, "progressed after prior ET"]]]]
26014298	[]
29800971	[]
24618336	[]
26535512	[]
33270098	[]
31868632	[[2, [[213, "18-60 years"]]]]
30927036	[]
19139439	[]
33309774	[[1, [[292, "previously untreated"]]]]
25713428	[]
15451219	[]
18268394	[]
32511983	[[2, [[204, "previous treatment with one to three systemic regimens"]]]]
26324362	[]
17426059	[]
25624436	[]
20888992	[]
21247627	[]
12837811	[]
22145911	[]
18720356	[]
14751130	[]
32386568	[[2, [[119, "aged 18 years or older"], [315, "a history of smoking exposure"]]]]
26518749	[]
31166681	[]
2045861	[]
28475671	[[2, [[42, "previously untreated"]]]]
19164203	[]
30917258	[[1, [[107, "postmenopausal"]]]]
29488121	[[2, [[143, "untreated"]]]]
27283860	[]
18413638	[]
25024076	[[1, [[283, "previously untreated"], [304, "transplantation-eligible"]]]]
26381530	[]
25153538	[[0, [[96, "crizotinib-resistant"]]]]
20609467	[]
30939096	[]
31780255	[]
33533655	[]
22614995	[]
18625886	[]
23008300	[]
28776876	[]
30545576	[[0, [[85, "newly diagnosed"]]], [1, [[93, "newly diagnosed"]]], [4, [[23, "newly diagnosed"]]]]
32827847	[]
29217288	[]
17586092	[]
15117987	[]
15070664	[]
19858379	[]
23918952	[]
31562796	[]
29773593	[]
33539944	[[2, [[14, "\u226518 years"]]]]
30963691	[]
23041591	[]
21922208	[[1, [[150, "previously untreated"]]]]
19805689	[]
21149659	[]
8242548	[]
27029228	[]
18662969	[[0, [[108, "previously untreated"]]], [1, [[50, "previously untreated"]]], [2, [[14, "previously untreated"]]]]
32031889	[]
29146401	[]
32634611	[]
16110025	[]
18539617	[]
19451427	[[1, [[348, "ineligible for chemotherapy"]]]]
34400414	[]
28886907	[]
19107482	[]
28950298	[]
20131302	[]
25913680	[]
30642551	[[2, [[165, "\u226518 years of age"], [188, "disease progressed after at least 2 prior treatments"]]]]
31757875	[]
26308596	[]
23414589	[]
24652992	[]
12637459	[]
17420513	[[2, [[11, "untreated"]]], [4, [[123, "untreated"]]]]
11535503	[]
19153121	[]
32378071	[]
24028813	[]
27573560	[]
12488411	[]
20940184	[]
31704134	[[1, [[220, "or"]]], [2, [[275, "or"]]], [3, [[409, "or"]]]]
24881631	[]
29713086	[]
20855825	[]
30433852	[]
27325857	[[1, [[58, "newly diagnosed"], [96, "ineligible for stem-cell transplantation"]]]]
30621698	[]
19204201	[]
27222473	[[1, [[130, "previously untreated"]]]]
28580882	[]
16478630	[]
29717651	[[0, [[47, "Chinese patients"]]]]
30763730	[]
15514373	[[0, [[167, "previously untreated"]]], [1, [[171, "previously untreated"]]]]
32483359	[]
28375787	[]
11547741	[]
16502413	[]
23051966	[]
25921002	[]
30973790	[]
22547591	[]
24974945	[[0, [[106, "newly diagnosed"]]]]
25744576	[]
19720927	[]
23683751	[]
25337750	[]
27400948	[]
26527781	[]
25349301	[]
32822287	[]
32213344	[]
19255312	[]
24863692	[]
25488963	[]
23776128	[]
27932229	[]
29740809	[[0, [[74, "transplant-ineligible"]]], [1, [[98, "transplant-ineligible"]]]]
20697092	[]
32561664	[]
16921048	[]
30563875	[]
11304782	[]
19767092	[]
29668860	[]
28901731	[]
27731748	[]
28801448	[]
18839172	[]
28945850	[]
17513814	[[1, [[106, "failure of first-line chemotherapy"]]]]
30558987	[]
30033656	[]
25482239	[]
15738537	[]
12377653	[]
12488408	[]
27480103	[[1, [[124, "previously untreated"]]], [2, [[94, "\u226518 years"]]]]
31528622	[]
20525993	[]
18809614	[]
19319527	[]
27979383	[]
19562255	[[1, [[561, "no more than 2 previous chemotherapy regimens"]]]]
18076637	[]
33097085	[]
25676422	[]
34033975	[]
34048946	[]
28945833	[]
15169796	[]
21848522	[]
29315500	[]
18784101	[]
26884559	[]
24769014	[]
32804590	[]
32780660	[]
27460442	[]
26374429	[]
22357255	[]
20498403	[]
27825636	[]
32470848	[]
25892145	[]
21823110	[]
26699729	[]
15741225	[]
19887935	[]
30348538	[[2, [[234, "Eastern Cooperative Oncology Group performance status score of 2 or less"]]]]
28131785	[]
21940214	[]
24019545	[[2, [[59, "prior nephrectomy"]]]]
19605508	[]
26406148	[]
33710812	[]
10623706	[]
30361170	[[2, [[74, "previously untreated"]]]]
21363880	[]
28359784	[[2, [[146, "treated"], [122, "untreated"]]], [3, [[125, "treated"]]]]
30897038	[]
16437142	[]
22149876	[[0, [[14, "postmenopausal"]]]]
17075810	[[0, [[28, "pregnancy"]]], [1, [[113, "pregnancy"]]], [2, [[171, "pregnancy"]]], [3, [[38, "pregnancy"]]], [4, [[54, "pregnancy"]]]]
20472363	[]
25184863	[]
32534646	[]
15570077	[]
26863353	[]
25601341	[]
30648627	[[0, [[117, "osteopenic"]]], [1, [[194, "osteopenic"]]], [2, [[27, "osteopenic"]]], [5, [[55, "osteopenic"]]]]
31901705	[]
32716114	[[0, [[79, "Japanese patients"]]], [1, [[374, "Japanese patients"]]]]
26976418	[]
32035020	[]
31150573	[]
22565002	[]
30049811	[[1, [[569, "previously untreated"]]]]
18024863	[]
27264120	[[1, [[181, "postmenopausal women"]]]]
19767093	[]
17597402	[]
18558665	[]
25385737	[]
31279304	[]
23731832	[]
17227995	[[2, [[0, "Previously untreated"]]]]
8078551	[[1, [[20, "previously untreated"]]]]
24662266	[]
25732161	[]
25096639	[]
27959613	[[1, [[151, "postmenopausal"]]], [2, [[70, "postmenopausal"]]]]
27177865	[[2, [[14, "previously untreated"]]]]
23148090	[]
29241979	[]
17593024	[[1, [[97, "newly diagnosed"]]]]
22257673	[]
33476803	[]
20026803	[]
2504890	[]
29224502	[[2, [[90, "previously untreated"]]]]
11248153	[]
31976786	[]
30785198	[]
34634256	[]
31283407	[]
29590547	[]
16446334	[]
16047203	[]
32658627	[]
11786570	[]
24007748	[[2, [[247, "at least two previous treatments of bortezomib and lenalidomide"]]]]
22898679	[]
28017406	[]
30509740	[]
29620995	[]
25416687	[]
19830427	[]
23816178	[]
34118197	[]
26802176	[[0, [[89, "untreated"]]]]
21228335	[]
30339627	[]
21425142	[]
33480963	[]
32888452	[[0, [[71, "previously untreated"]]], [1, [[302, "previously untreated"]]], [4, [[238, "previously untreated"]]]]
28771663	[]
33449799	[[2, [[83, "progression during or after first-line platinum-based chemotherapy"]]]]
28076709	[]
30413666	[]
23760587	[]
30134131	[]
23151979	[]
24104372	[]
19095497	[]
20100965	[]
32907777	[]
30213452	[]
20547982	[]
34464163	[]
23016878	[]
32819447	[]
24855212	[[0, [[66, "newly diagnosed"]]], [1, [[220, "newly diagnosed"], [260, "\u226565 years of age"]]]]
20619634	[]
12668651	[]
24137379	[]
15226322	[]
17454601	[]
31091374	[]
17679727	[]
16822992	[[0, [[52, "resectable"]]], [2, [[35, "resectable"]]]]
21896539	[]
34914889	[]
21456006	[]
17046465	[]
33915252	[]
26371134	[[2, [[131, "Postmenopausal"]]]]
33046870	[]
29466156	[]
32402160	[]
26059948	[]
24602760	[[2, [[28, "\u226518 years"]]]]
17135646	[]
32437507	[]
24140183	[[1, [[120, "objective progression on approved tyrosine-kinase inhibitors"]]]]
21750205	[]
30765258	[[2, [[234, "progression during previous trastuzumab-based therapy"]]]]
28754483	[]
27124835	[]
15254053	[]
23948351	[[2, [[184, "18-75 years"]]]]
28889792	[[2, [[54, "previously untreated"]]]]
19543327	[]
22529261	[]
30811280	[]
31276981	[]
25862517	[]
16760299	[]
33385521	[]
22570338	[]
20516443	[]
34710570	[]
25738670	[]
19889622	[]
31356140	[]
30181173	[]
31157583	[]
11157034	[]
30957229	[]
31591063	[]
21937701	[]
27696380	[]
30516102	[]
21990393	[]
18413640	[]
31474354	[]
29352703	[]
31036468	[[0, [[33, "postmenopausal"]]], [1, [[443, "postmenopausal"]]], [2, [[140, "postmenopausal"], [155, "women"]]]]
26708155	[]
19785749	[]
24452791	[]
31790344	[]
32343640	[]
33085860	[]
20564086	[]
9400508	[]
22951287	[]
12610173	[]
18398148	[]
32453640	[]
24356634	[]
27959700	[]
27998223	[[1, [[358, "< 18 years old"]]]]
11268454	[]
9363871	[[0, [[46, "previously untreated"]]], [1, [[57, "previously untreated"]]]]
27735213	[]
28498880	[]
18413641	[]
30842083	[]
22763385	[[0, [[13, "imatinib-resistant"], [35, "imatinib-intolerant"]]]]
15558814	[]
31187237	[]
26834240	[]
21690556	[]
32540858	[]
15758009	[]
30110194	[]
22149875	[]
16896005	[]
28777427	[]
30555165	[]
33347829	[]
30098152	[]
24662947	[]
24146219	[]
17675395	[]
22453568	[]
34219000	[[2, [[66, "neo"]]]]
14739217	[]
20823433	[]
30782343	[]
28146658	[[2, [[120, "undergone prostatectomy with a lymphadenectomy"]]]]
31994178	[]
25524800	[]
15459918	[]
20194866	[[0, [[49, "fludarabine-refractory"]]], [1, [[145, "fludarabine-refractory"]]], [4, [[92, "fludarabine-refractory"]]]]
31095287	[]
17679724	[]
19693094	[]
23370660	[]
18172651	[]
25419147	[]
17689023	[]
15908650	[]
23312888	[]
16051944	[]
27354258	[]
24456586	[]
26028255	[]
33284113	[[2, [[75, "\u226518 years"]]]]
25519749	[]
12065561	[]
26433819	[]
24360787	[]
20100962	[]
22571201	[[1, [[102, "after autologous hematopoietic stem-cell transplantation"]]]]
19474114	[]
19906761	[[2, [[0, "Previously untreated"]]]]
2202791	[]
17340589	[]
21556747	[]
33639216	[]
19574787	[]
19897418	[]
25981002	[]
17470858	[]
32078813	[]
18032762	[[2, [[33, "at least one previous antimyeloma"]]]]
32973176	[]
16728485	[]
32740235	[]
19114704	[]
28826616	[[2, [[256, "after ASCT"]]], [4, [[119, "after ASCT"]]]]
24556040	[]
19877111	[[0, [[46, "previously treated"], [69, "chemotherapy-naive"]]], [1, [[234, "previously treated"], [257, "chemotherapy-naive"]]], [2, [[185, "previously treated"], [233, "chemotherapy-naive"]]], [3, [[85, "previously treated"], [128, "chemotherapy-naive"]]], [4, [[80, "previously treated"], [103, "chemotherapy-naive"]]]]
21172890	[]
28011050	[]
12504662	[]
12637486	[]
30596402	[]
16943538	[]
25634683	[]
19451436	[]
24075621	[[1, [[101, "asymptomatic or mildly symptomatic"]]], [2, [[381, "had not previously received chemotherapy"]]]]
32511981	[]
27718784	[]
27216274	[]
22753904	[[1, [[204, "irinotecan-refractory"]]]]
17091486	[]
27091875	[]
12947063	[]
22715121	[]
24162260	[]
2167953	[]
12738722	[]
18281662	[]
32966810	[[2, [[154, "aged 18 years or older"]]]]
21948296	[]
31590988	[]
16648043	[]
18375893	[]
15718308	[]
26712084	[]
32568634	[]
27078022	[]
24224624	[]
16489675	[]
30475668	[]
30281875	[[1, [[219, "Previously untreated"]]]]
29950351	[]
25704439	[]
23190221	[]
15284262	[]
12177099	[[0, [[69, "postmenopausal"]]], [1, [[98, "postmenopausal"]]], [4, [[169, "postmenopausal"]]]]
22010012	[]
23823157	[]
30575484	[]
16790517	[]
28729021	[[2, [[398, "treatment-naive"]]]]
33558426	[[0, [[116, "Platinum-sensitive"]]], [2, [[80, "platinum-sensitive"]]], [4, [[112, "platinum-sensitive"]]]]
25154822	[]
17496201	[]
33300950	[]
24306660	[]
20082117	[]
31859245	[[2, [[131, "\u226518 years"], [218, "three or more lines of therapy"]]]]
31806543	[]
34102137	[[2, [[112, "previously untreated"]]], [4, [[178, "previously untreated"]]]]
25315074	[[0, [[72, "previously untreated"]]]]
27247089	[]
18541897	[]
16382061	[[0, [[43, "postmenopausal"]]], [1, [[269, "postmenopausal"]]], [2, [[183, "postmenopausal"]]], [4, [[3, "postmenopausal"]]]]
28766263	[]
15205197	[]
33555941	[]
31628085	[]
20921462	[]
33211842	[]
21720808	[]
32393732	[]
22907974	[]
17215529	[]
32496902	[]
32325490	[[0, [[81, "newly diagnosed"]]], [1, [[174, "newly diagnosed"]]]]
23168362	[]
27306421	[]
26681800	[]
31087200	[]
17960012	[]
32677196	[]
29518779	[]
16189442	[]
16775235	[[0, [[13, "imatinib-resistant"]]], [2, [[66, "imatinib-resistant"]]], [4, [[69, "imatinib-resistant"]]]]
27192969	[]
17989384	[]
29372461	[]
25693012	[]
32997907	[]
15721421	[]
23665131	[]
31609637	[]
17236224	[]
16344918	[]
20308655	[]
23008301	[]
32482541	[]
29658430	[]
19297105	[]
33021871	[]
26970723	[]
26130744	[]
28099254	[]
19219604	[]
23569301	[]
28596308	[]
33607312	[]
32097091	[]
18753647	[[1, [[237, "untreated"]]]]
28221727	[]
18559873	[]
34672961	[]
30770348	[]
27879257	[]
22894553	[]
18235121	[]
32605909	[]
31157964	[]
29752199	[[2, [[82, "previously untreated"]]]]
27345636	[]
17264331	[]
30742566	[[1, [[574, "monotherapy"]]], [2, [[82, "double refractory to rituximab (monotherapy or in combination) and to either chemotherapy or radioimmunotherapy"]]], [4, [[36, "monotherapy"]]]]
15550581	[]
24005614	[]
30351999	[]
33793299	[]
30665869	[[2, [[550, "received first-line sorafenib"]]]]
33794206	[]
29715056	[]
34292792	[]
32502443	[[2, [[531, "not amenable to curative treatment"]]]]
23140824	[]
25042398	[]
31912800	[]
18024865	[]
23406728	[[2, [[58, "failed one prior chemotherapy regimen"]]]]
21440503	[[2, [[35, "\u226518 years"]]]]
21441299	[]
23585522	[]
33632775	[[0, [[49, "Previously Treated"]]]]
16648042	[]
19018091	[]
27908594	[]
31620931	[[0, [[49, "Japanese patients"]]], [1, [[355, "Japanese patients"]]], [3, [[14, "Japanese patients"]]], [4, [[97, "Japanese patients"]]]]
23071247	[]
33276076	[]
31570566	[]
31964785	[]
15911865	[]
26287849	[]
29305552	[]
11352955	[]
24450857	[]
26056177	[[1, [[118, "transplantation-ineligible"]]], [4, [[128, "transplantation-ineligible"]]]]
19433684	[]
29746229	[]
29038340	[]
18521899	[]
32846060	[]
26251158	[]
22896000	[]
21245487	[]
24982464	[]
31178155	[[2, [[329, "women"]]]]
32271354	[]
28767288	[]
15297408	[]
33581774	[]
22915656	[]
31569068	[]
30786188	[]
15639680	[]
33792623	[[3, [[80, "China"]]]]
12086759	[]
26066736	[]
23995863	[]
17577020	[[2, [[211, "at least two prior systemic therapies"]]]]
29573941	[]
28734759	[]
26970533	[]
22276821	[]
25477010	[]
21483003	[]
17628484	[]
34015311	[[2, [[453, "aged 18 years"]]]]
20855843	[]
23706985	[]
30100375	[[2, [[446, "at least one previous systemic therapy"]]]]
32706640	[]
24920586	[]
31065111	[[2, [[68, "ECOG PS \u22642"]]]]
15470214	[]
27492616	[]
27092830	[]
26932802	[]
27139057	[]
22898678	[[2, [[74, "\u226518 years"]]]]
23591789	[]
28438473	[]
20713848	[]
32352498	[]
8410113	[]
19516032	[]
15625362	[]
23169518	[]
18160686	[]
25143487	[]
19637348	[]
11054436	[]
25391695	[]
25348002	[]
28645776	[]
16569462	[]
15297392	[]
32479189	[]
33405950	[]
32472001	[]
23432724	[]
25981813	[]
24585720	[]
29215955	[[0, [[126, "Asian Patients"]]], [1, [[221, "Asian patients"]]]]
18184959	[]
18391599	[]
15718321	[]
12065559	[]
26297284	[]
34301752	[]
23091096	[]
28843768	[]
33741442	[]
12637469	[]
28284557	[[2, [[222, "previously untreated"]]]]
15341981	[[1, [[355, "no prior chemotherapy"]]]]
17115424	[]
19230772	[]
30126861	[]
22039087	[]
20229590	[]
25358667	[]
33411585	[]
25449689	[]
28651929	[]
25315258	[]
26884592	[]
19776405	[]
19949017	[]
22656234	[]
33387490	[[2, [[158, "18 years and older"]]]]
27959731	[]
34174189	[]
28347920	[]
28238593	[]
11822750	[]
33482051	[]
17364190	[]
15800324	[[2, [[163, "no prior chemotherapy"]]]]
26432046	[]
9081377	[]
34534430	[]
32468956	[]
27705267	[]
19225113	[]
30501868	[]
20149736	[]
28784312	[[2, [[74, "surgically resectable"]]]]
23248249	[]
31848189	[]
11920506	[]
22101114	[]
22608338	[]
30892989	[]
21690557	[[0, [[52, "refractory to both bortezomib and lenalidomide"]]]]
21642685	[]
25649350	[[1, [[589, "overall survival \u22652 years following ipilimumab treatment"]]]]
17544766	[[2, [[18, "16-26 years"]]]]
22243774	[]
26035255	[]
18309943	[]
29572505	[]
26040495	[]
28622153	[]
11986207	[]
11571741	[]
29254498	[]
24496868	[]
21525172	[]
32789480	[]
31515154	[]
33529058	[[2, [[130, "no prior systemic therapy"]]]]
28214657	[]
26311725	[]
26111932	[]
15612023	[]
26703889	[[2, [[99, "\u226518 years"]]]]
27533448	[]
9817275	[]
29426719	[]
20385996	[]
16331692	[]
26351345	[]
31826360	[]
21343556	[]
30316010	[]
18669868	[]
26547917	[]
26837842	[]
30084837	[]
24297950	[]
31509242	[]
24146220	[]
26633585	[]
32126141	[]
31821071	[]
27068858	[[0, [[115, "resistant to imatinib and sunitinib"]]], [2, [[101, "resistant to imatinib and sunitinib"]]], [4, [[143, "resistant to imatinib and sunitinib"]]]]
25589191	[]
24623654	[]
18156031	[]
25964250	[[2, [[102, "positive resection margins"]]]]
1987737	[]
22670903	[]
24628550	[[4, [[89, "initial sorafenib failure"]]]]
30237264	[]
25981818	[]
24615777	[]
34000246	[[2, [[186, "\u226518 years"], [455, "previous HHI therapy"]]]]
26101246	[]
30723140	[[1, [[483, "Postmenopausal"], [498, "women"]]]]
26794930	[]
23017669	[]
32361265	[]
32791810	[]
26869049	[[2, [[57, "previously untreated"]]]]
25387866	[]
12393986	[]
26438119	[]
23608834	[]
9409582	[]
31506387	[]
34647988	[]
27080216	[]
31403867	[]
29875066	[]
27094798	[[0, [[162, "East Asian Populations"]]]]
31961766	[]
10894866	[]
32926227	[]
8352235	[]
33242536	[]
15930421	[]
9716036	[]
28690144	[]
24718886	[]
28619981	[]
15691639	[]
32534242	[]
15668284	[]
33727258	[]
31097405	[]
30982686	[]
20714770	[]
33052760	[]
23569312	[[2, [[9, "age \u2265 18 years"]]]]
31518174	[[0, [[44, "Premenopausal"]]], [1, [[99, "premenopausal"]]], [2, [[18, "premenopausal"], [32, "women"]]], [4, [[114, "premenopausal"]]]]
34637336	[]
18172173	[[4, [[108, "previously untreated"]]]]
34715071	[]
24670165	[]
20574412	[]
22118442	[]
27890073	[]
23547079	[]
31171092	[]
17909810	[]
28911070	[]
30698644	[]
19917990	[]
18172188	[]
34608333	[]
28838862	[[2, [[147, "\u226518 years"]]]]
27745820	[]
24938562	[]
8201379	[]
27108243	[]
32716739	[]
29562156	[]
25491381	[]
32961119	[]
12506176	[]
33460574	[]
31153833	[[0, [[102, "microvascular invasion"], [131, "R0 liver resection"]]], [1, [[0, "Microvascular invasion"], [235, "R0 liver resection"]]]]
21747084	[]
30100379	[[2, [[116, "\u226518 years"], [166, "previously treated with two or fewer chemotherapy"]]]]
33332190	[[1, [[301, "resected"]]], [2, [[152, "resected"]]]]
12177098	[[0, [[108, "postmenopausal"]]], [2, [[58, "postmenopausal"]]], [4, [[168, "postmenopausal"]]]]
30939090	[]
24615778	[]
28602779	[]
25014687	[]
23154554	[]
17704425	[]
34905388	[]
22476761	[]
25470694	[]
28249141	[[2, [[76, "heavily pretreated"]]]]
21767242	[]
29290024	[]
20702138	[]
29571946	[]
19995229	[]
27501767	[]
32880602	[]
18390971	[]
20187095	[]
21306237	[]
30659987	[]
25769539	[]
28196207	[]
15269313	[]
31897676	[]
30061664	[[0, [[81, "previously untreated"]]]]
19075278	[]
21527590	[[2, [[9, "> 14 years"], [21, "progressing after standard treatment"]]]]
31851556	[]
22473169	[]
23024237	[]
22919026	[]
29253081	[]
20584542	[]
14584078	[]
27311730	[]
31863227	[]
19786670	[[0, [[75, "postmenopausal"]]], [2, [[0, "Postmenopausal"]]]]
24270324	[]
11142489	[]
27050206	[]
27183991	[]
16430622	[]
14630676	[]
31831558	[]
27416912	[]
31455747	[]
29860938	[]
26189067	[]
24768112	[[2, [[318, "\u226518 years"]]]]
25285888	[]
31442817	[]
24145346	[]
25421877	[[2, [[38, "aged \u226440 years"]]]]
33302683	[]
32623182	[]
31810797	[[2, [[239, "two previous systemic treatments"]]]]
20194851	[]
33026184	[]
30557521	[]
20833738	[]
18487568	[]
31562797	[[2, [[35, "previously untreated"]]]]
25987659	[]
15083178	[]
28301826	[]
24904120	[]
32234665	[]
22341744	[]
23724913	[]
31221619	[]
27121472	[]
7602342	[]
25981810	[]
26089686	[[0, [[54, "Asian patients"]]], [1, [[147, "Asian patients"]]], [2, [[58, "Asian patients"], [39, "previously treated"]]], [3, [[15, "Asian patients"]]], [4, [[71, "Asian patients"], [52, "previously treated"]]]]
16505423	[[2, [[44, "postmenopausal"]]]]
28126333	[]
21410393	[]
17505000	[]
22795584	[]
31171878	[[1, [[233, "treatment-naive"]]]]
25495490	[[0, [[32, "premenopausal"]]], [1, [[118, "premenopausal"]]], [2, [[26, "premenopausal"]]], [4, [[223, "premenopausal"]]]]
32966811	[[2, [[126, "aged 18 years or older"]]]]
22718839	[]
24048792	[]
29931597	[[0, [[52, "Japanese patients"]]], [1, [[166, "Japanese patients"]]], [4, [[46, "Japanese patients"]]]]
20159666	[]
28635560	[[0, [[13, "Japanese Patients"]]], [1, [[536, "Japanese patients"]]], [2, [[0, "Japanese patients"]]]]
26486789	[]
32682457	[[4, [[203, "Asian patients"]]]]
20159816	[]
17452677	[]
17602086	[]
34818478	[]
34710571	[]
15378498	[]
18823036	[]
12853355	[]
21969502	[]
33070260	[]
19142638	[]
25267746	[]
26014293	[]
20194844	[]
18282805	[]
30715153	[[2, [[29, "previously treated"]]]]
29878867	[]
22252125	[]
24727329	[]
30642373	[]
32150489	[]
19549707	[]
31838010	[[0, [[65, "women"], [50, "postmenopausal"]]], [2, [[148, "women"], [155, "\u226518 years"], [133, "postmenopausal"]]]]
30573506	[]
11350885	[]
29852232	[]
14657228	[]
28953447	[]
11331315	[]
23248257	[]
15249584	[]
33271094	[]
31841594	[]
16700034	[]
22969226	[]
18067017	[]
11919237	[]
26969090	[]
29860922	[]
27480145	[]
17079694	[]
28501140	[]
28485171	[]
24189279	[]
22663011	[]
28813164	[]
17881635	[]
17538978	[[1, [[476, "postmenopausal women"]]], [4, [[197, "postmenopausal women"]]]]
18375903	[]
20705755	[]
20397775	[]
32861806	[]
10758304	[]
28410293	[]
33271092	[]
27993793	[]
23345547	[]
28756902	[]
28916367	[[2, [[318, "received at least two previous platinum-based chemotherapy"]]]]
23810245	[]
30935953	[]
22162575	[]
15668467	[[0, [[203, "previously untreated"]]], [2, [[23, "previously untreated"]]]]
25601342	[]
33821899	[]
25795409	[[2, [[129, "Chinese"]]]]
33123968	[]
21060033	[]
12944571	[]
28592387	[]
31682542	[]
22179954	[]
32526634	[]
22261362	[]
21242589	[]
18626004	[]
17220639	[]
29812996	[]
22571200	[]
29266189	[[0, [[130, "newly diagnosed"]]]]
8315424	[]
20405511	[]
21537039	[]
12791647	[]
21493058	[]
29864379	[]
33439693	[]
21176949	[[2, [[116, "untreated"]]]]
29191593	[[3, [[53, "refractory to first-line treatment"]]]]
25074459	[]
28586279	[]
19770626	[]
18665167	[]
25682595	[]
15028824	[]
34158360	[]
28705540	[]
10561296	[]
30052729	[]
28355115	[]
16421419	[]
22853014	[[2, [[0, "Postmenopausal"]]]]
19188185	[]
19887465	[]
19786658	[[0, [[89, "postmenopausal"]]], [2, [[0, "Postmenopausal"]]]]
33991512	[[0, [[53, "cisplatin-ineligible"]]], [1, [[124, "cisplatin-ineligible"]]], [2, [[223, "\u226518 years"]]], [4, [[92, "cisplatin-ineligible"]]]]
25568347	[]
15496622	[]
21277730	[[1, [[113, "Chinese patients"]]]]
33167735	[]
21937277	[]
25035291	[[2, [[137, "\u226518 years of age"]]]]
29061295	[]
19954415	[]
31166679	[[1, [[244, "premenopausal or perimenopausal"]]]]
9473758	[]
19269895	[]
19429872	[]
29067723	[]
17951334	[]
27870581	[]
28576443	[[0, [[97, "Newly Diagnosed"]]], [1, [[180, "newly diagnosed"]]], [2, [[61, "newly diagnosed"]]], [4, [[126, "newly diagnosed"]]]]
16495393	[]
20660823	[]
33915251	[]
26109631	[[2, [[77, "unsuitable for locoregional curative treatment"]]]]
26951627	[]
30902918	[]
24613903	[]
31013172	[]
24779033	[]
34077643	[]
25079173	[]
28748355	[]
30150014	[]
27083332	[]
24799484	[]
31433920	[]
18166803	[]
30460684	[]
30922731	[]
20528871	[]
33026938	[]
26474521	[]
11781643	[]
10941155	[]
28578639	[]
29658845	[]
28355112	[]
28930775	[]
26179770	[]
30184451	[]
16849749	[]
34154614	[]
25482145	[]
19396817	[[0, [[58, "previously untreated"]]]]
32954927	[]
14679122	[]
24528221	[]
27015285	[]
16236738	[]
12805334	[]
29749403	[[0, [[34, "previously untreated"]]], [1, [[210, "previously untreated"]]]]
30779531	[[1, [[167, "previously untreated"]]]]
29358502	[]
28993052	[]
31876911	[]
31194225	[]
22684794	[]
26338525	[]
29045512	[]
23894038	[]
28408243	[[1, [[267, "treatment-naive"]]], [2, [[139, "aged 18 years or older"], [170, "treatment-naive"]]]]
30785826	[]
27279544	[]
25755291	[]
30745300	[]
33410885	[]
18955451	[]
19452540	[]
28441111	[]
24707943	[[0, [[51, "previously untreated"]]], [1, [[118, "previously untreated"]]]]
29724167	[]
11745280	[]
29562145	[]
33929895	[[0, [[115, "Progressing After Platinum-Based Chemotherapy"]]]]
25287828	[]
25338498	[]
28600132	[]
22204724	[[2, [[127, "incompletely resectable"]]]]
30545921	[]
28958502	[]
29339097	[]
28426106	[]
18816698	[]
26662208	[]
31786121	[]
30901302	[]
29955792	[[3, [[208, "previously treated with trastuzumab and a taxane"]]]]
30523712	[]
23233718	[]
28684537	[]
20507881	[]
28961848	[]
21859995	[]
29268948	[[0, [[50, "platinum-treated"]]], [2, [[234, "\u226518 years"]]]]
30902613	[]
24552317	[]
25539730	[]
25693933	[]
16382125	[]
31804894	[]
18421054	[]
20585095	[]
30689707	[]
32359490	[[2, [[314, "received at least two previous platinum-based chemotherapy"]]]]
30610196	[]
16626826	[]
28483761	[]
27717303	[[2, [[193, "postmenopausal"]]]]
19303137	[]
12393429	[]
28588020	[]
22646775	[[0, [[58, "imatinib-resistant or -intolerant"], [36, "Chinese patients"]]], [1, [[72, "imatinib-resistant or -intolerant"], [50, "Chinese patients"]]], [4, [[68, "imatinib-resistant or -intolerant"], [46, "Chinese patients"]]]]
32469386	[]
33862002	[]
30948273	[[2, [[135, "\u226518 years"], [285, "three or more previous chemotherapy"]]]]
30596880	[]
28212060	[]
31801872	[]
34048947	[]
33166719	[]
22253412	[]
21218604	[]
22456429	[]
7595709	[]
33657295	[[1, [[111, "previously untreated"]]], [2, [[80, "previously untreated"]]], [4, [[173, "previously untreated"]]]]
24742739	[[0, [[26, "trastuzumab-resistant"]]], [2, [[108, "trastuzumab-resistant"]]], [4, [[103, "trastuzumab-resistant"]]]]
23378775	[]
33085058	[]
25755211	[]
23940227	[]
17876014	[]
33616314	[[2, [[111, "no previous systemic therapy"]]]]
24220559	[]
19339720	[]
19763571	[]
19135708	[]
19132464	[]
30515672	[[0, [[42, "Japanese patients"]]], [1, [[198, "Japanese patients"]]], [4, [[37, "Japanese patients"]]]]
20124187	[]
32224306	[]
27313086	[]
32733606	[]
32614698	[]
20485287	[[2, [[14, "18-75 years"]]]]
26412456	[]
18565886	[]
32905959	[]
30262187	[[2, [[377, "an estimated life expectancy of more than 12 weeks"], [231, "disease progression after treatment with a platinum-containing doublet"]]]]
20032123	[]
18756533	[]
14736927	[]
26955484	[]
32035514	[[2, [[154, "aged 18 years or older"]]]]
22383739	[]
31760314	[]
17494926	[]
30675515	[[1, [[555, "postmenopausal"]]]]
19533657	[]
24739896	[[0, [[46, "chemotherapy-refractory"]]], [1, [[93, "chemotherapy-refractory"]]], [2, [[194, "chemotherapy-refractory"]]]]
19805668	[]
27132696	[]
27751846	[]
19729517	[]
32071913	[]
31809241	[]
30707660	[]
26503200	[]
26184998	[]
27622997	[[1, [[441, "previously untreated"]]], [2, [[235, "previously untreated"]]]]
32275467	[]
29550566	[]
27881039	[]
31164265	[[0, [[76, "premenopausal"]]], [1, [[162, "premenopausal"]]], [2, [[25, "premenopausal"]]], [4, [[26, "premenopausal"]]]]
28808777	[]
30216418	[]
33485464	[[2, [[161, "previously untreated"]]], [4, [[253, "previously untreated"]]]]
16782926	[]
17938252	[]
17436400	[]
19692680	[]
21715318	[]
25891777	[]
32418886	[]
22480758	[]
32976938	[]
12576922	[]
26640039	[[2, [[171, "previous treatments"]]]]
28253390	[]
12826431	[]
17563395	[]
28891423	[[2, [[122, "complete resection"]]]]
18669455	[]
30088161	[]
17151364	[]
21639808	[[2, [[109, "previously untreated"]]], [4, [[94, "previously untreated"]]]]
31100038	[]
16598749	[]
17307102	[[1, [[150, "postmenopausal"]]], [2, [[5, "postmenopausal"]]]]
17671985	[]
32673171	[[2, [[171, "complete hematologic remission after HCT"]]]]
29347993	[]
15547184	[]
23863050	[]
17194911	[]
28971899	[[0, [[37, "untreated"]]], [1, [[311, "untreated"]]]]
32105518	[]
29174310	[]
30422243	[[0, [[35, "Previously Untreated"]]], [2, [[88, "previously untreated"]]], [3, [[358, "previously untreated"]]], [7, [[82, "previously untreated"]]]]
29545346	[]
26077667	[]
23569323	[]
31835236	[[0, [[180, "Group"]]], [2, [[16, "ECOG"]]], [3, [[59, "ECOG"]]]]
16166176	[]
19575200	[]
21561347	[]
31619444	[]
27275453	[]
24267730	[]
27323346	[]
18323546	[]
11870157	[]
19732130	[]
28632865	[]
30566590	[]
7541449	[]
31340094	[]
11275460	[[0, [[37, "children"]]], [1, [[306, "children"]]]]
11283128	[]
18319412	[[3, [[117, "no prior radiation or chemotherapy"]]]]
19917865	[]
23401442	[[1, [[262, "relapsed"]]]]
31329516	[]
20442389	[[2, [[121, "complete resection"]]]]
31050707	[]
31446213	[]
24127442	[]
1310270	[]
19124805	[]
19570961	[]
23139262	[]
22595799	[]
31511239	[]
24657003	[]
22370319	[]
29590544	[]
11689577	[]
16982464	[]
18073378	[]
29955136	[]
17530488	[]
22949147	[]
11481351	[]
30832606	[]
29190637	[]
31101627	[[1, [[188, "untreated"]]]]
28381416	[[1, [[229, "received \u22652 prior therapies"]]]]
27411683	[]
28434648	[]
23704200	[]
29966800	[]
31512258	[]
33001135	[]
26598744	[]
33961795	[[2, [[241, "progressed on two or more previous regimens"]]]]
24441288	[]
19581539	[]
32271672	[]
24295639	[]
24650054	[[0, [[82, "resistance or intolerance to tyrosine kinase inhibitors"]]]]
16344315	[]
12011123	[]
25198661	[]
31679945	[]
21269822	[]
22851554	[]
30315239	[]
26115796	[[0, [[58, "ipilimumab-refractory"]]], [1, [[270, "ipilimumab-refractory"]]], [4, [[86, "ipilimumab-refractory"]]]]
34534429	[]
29989854	[]
28961465	[[0, [[105, "ipilimumab-refractory"]]], [1, [[168, "ipilimumab-refractory"]]]]
16423848	[]
30383140	[]
28183697	[]
23650408	[[2, [[56, "one to three prior chemotherapy regimens"]]]]
32251621	[]
31331699	[]
11070479	[]
17215530	[]
18300256	[]
